id,smishing
340000,1.1920928955078125e-07
340001,1.7583370208740234e-06
340002,3.8743019104003906e-07
340003,1.7881393432617188e-07
340004,8.940696716308594e-08
340005,2.384185791015625e-07
340006,3.3080577850341797e-06
340007,1.4901161193847656e-07
340008,5.662441253662109e-07
340009,4.5865774154663086e-05
340010,1.1920928955078125e-07
340011,0.9499375820159912
340012,5.841255187988281e-06
340013,5.960464477539063e-08
340014,1.2308359146118164e-05
340015,2.205371856689453e-06
340016,1.4901161193847656e-07
340017,8.940696716308594e-08
340018,9.119510650634766e-06
340019,2.682209014892578e-07
340020,9.238719940185547e-07
340021,1.3709068298339844e-06
340022,4.76837158203125e-07
340023,2.086162567138672e-07
340024,0.0009596347808837891
340025,2.682209014892578e-07
340026,2.086162567138672e-07
340027,1.2814998626708984e-06
340028,7.450580596923828e-07
340029,8.940696716308594e-08
340030,1.7881393432617188e-07
340031,1.0132789611816406e-06
340032,0.020258933305740356
340033,7.450580596923828e-06
340034,1.1920928955078125e-07
340035,8.940696716308594e-08
340036,7.152557373046875e-07
340037,2.682209014892578e-06
340038,2.086162567138672e-07
340039,2.7120113372802734e-06
340040,5.960464477539063e-08
340041,1.7881393432617188e-07
340042,4.470348358154297e-07
340043,8.940696716308594e-08
340044,1.7881393432617188e-07
340045,1.7881393432617188e-07
340046,1.1563301086425781e-05
340047,1.3709068298339844e-06
340048,1.1920928955078125e-07
340049,1.1920928955078125e-06
340050,1.1920928955078125e-07
340051,2.086162567138672e-07
340052,4.112720489501953e-06
340053,1.1920928955078125e-07
340054,2.6226043701171875e-06
340055,5.066394805908203e-07
340056,1.4901161193847656e-06
340057,1.4603137969970703e-06
340058,3.272294998168945e-05
340059,1.4603137969970703e-06
340060,0.020258933305740356
340061,5.960464477539063e-08
340062,5.125999450683594e-06
340063,1.1920928955078125e-07
340064,2.086162567138672e-07
340065,2.086162567138672e-07
340066,1.1622905731201172e-06
340067,1.4901161193847656e-07
340068,2.086162567138672e-07
340069,1.7881393432617188e-07
340070,2.086162567138672e-07
340071,1.7881393432617188e-07
340072,5.960464477539063e-08
340073,8.642673492431641e-07
340074,2.980232238769531e-07
340075,0.0001767873764038086
340076,7.450580596923828e-07
340077,1.7881393432617188e-07
340078,6.556510925292969e-07
340079,4.172325134277344e-07
340080,1.1920928955078125e-07
340081,1.4901161193847656e-07
340082,4.827976226806641e-06
340083,8.940696716308594e-07
340084,1.4901161193847656e-07
340085,1.817941665649414e-06
340086,7.152557373046875e-07
340087,0.001983463764190674
340088,2.384185791015625e-07
340089,2.384185791015625e-07
340090,8.940696716308594e-08
340091,8.940696716308594e-08
340092,1.1920928955078125e-07
340093,1.7881393432617188e-07
340094,1.1920928955078125e-07
340095,3.5762786865234375e-07
340096,1.1920928955078125e-07
340097,2.384185791015625e-07
340098,3.3974647521972656e-06
340099,1.2516975402832031e-06
340100,1.1920928955078125e-07
340101,8.940696716308594e-08
340102,8.940696716308594e-08
340103,8.046627044677734e-07
340104,0.0001957714557647705
340105,0.0009733438491821289
340106,0.9839133024215698
340107,0.9975888133049011
340108,2.384185791015625e-07
340109,0.00022497773170471191
340110,3.993511199951172e-06
340111,2.980232238769531e-07
340112,0.0027576684951782227
340113,1.7881393432617188e-07
340114,8.940696716308594e-08
340115,2.7120113372802734e-06
340116,2.384185791015625e-07
340117,2.086162567138672e-07
340118,1.4901161193847656e-06
340119,5.662441253662109e-07
340120,1.7881393432617188e-07
340121,1.4901161193847656e-07
340122,1.1920928955078125e-07
340123,5.960464477539063e-08
340124,9.238719940185547e-07
340125,1.558661460876465e-05
340126,2.384185791015625e-07
340127,5.960464477539063e-08
340128,2.384185791015625e-07
340129,8.940696716308594e-08
340130,1.1920928955078125e-07
340131,5.960464477539063e-08
340132,1.7881393432617188e-07
340133,3.2782554626464844e-06
340134,2.384185791015625e-07
340135,1.4901161193847656e-07
340136,4.76837158203125e-07
340137,4.172325134277344e-07
340138,0.00015425682067871094
340139,6.258487701416016e-07
340140,0.12612274289131165
340141,3.8743019104003906e-07
340142,8.940696716308594e-08
340143,1.1920928955078125e-07
340144,1.1920928955078125e-07
340145,2.086162567138672e-07
340146,2.980232238769531e-07
340147,1.7881393432617188e-07
340148,1.7881393432617188e-07
340149,6.258487701416016e-07
340150,1.5795230865478516e-06
340151,3.5762786865234375e-07
340152,1.1920928955078125e-07
340153,3.5762786865234375e-07
340154,4.470348358154297e-06
340155,8.940696716308594e-08
340156,2.682209014892578e-07
340157,5.960464477539063e-08
340158,2.682209014892578e-07
340159,1.1920928955078125e-07
340160,2.086162567138672e-07
340161,1.5497207641601562e-06
340162,2.4139881134033203e-06
340163,2.473592758178711e-06
340164,2.473592758178711e-06
340165,2.086162567138672e-07
340166,1.4901161193847656e-07
340167,1.1920928955078125e-07
340168,1.7881393432617188e-07
340169,1.1920928955078125e-07
340170,4.470348358154297e-07
340171,2.086162567138672e-07
340172,2.086162567138672e-07
340173,8.940696716308594e-08
340174,1.1920928955078125e-07
340175,1.1920928955078125e-07
340176,2.115964889526367e-06
340177,8.940696716308594e-08
340178,1.1920928955078125e-07
340179,0.0001544654369354248
340180,1.7881393432617188e-07
340181,2.384185791015625e-07
340182,5.662441253662109e-07
340183,2.086162567138672e-06
340184,1.1920928955078125e-07
340185,3.2782554626464844e-07
340186,1.4901161193847656e-07
340187,5.960464477539063e-08
340188,4.172325134277344e-07
340189,1.1920928955078125e-07
340190,1.1920928955078125e-07
340191,5.960464477539063e-08
340192,0.999995768070221
340193,1.1920928955078125e-07
340194,1.1920928955078125e-07
340195,1.7881393432617188e-07
340196,5.960464477539063e-08
340197,0.49821338057518005
340198,1.7315149307250977e-05
340199,2.980232238769531e-07
340200,5.960464477539063e-08
340201,2.086162567138672e-07
340202,1.7881393432617188e-06
340203,7.450580596923828e-07
340204,2.682209014892578e-07
340205,1.4901161193847656e-07
340206,1.7881393432617188e-07
340207,1.1920928955078125e-07
340208,5.960464477539063e-08
340209,5.960464477539063e-08
340210,2.8014183044433594e-05
340211,1.6689300537109375e-06
340212,4.827976226806641e-06
340213,4.827976226806641e-06
340214,4.827976226806641e-06
340215,5.4836273193359375e-06
340216,2.3543834686279297e-06
340217,1.2516975402832031e-06
340218,1.7881393432617188e-07
340219,1.1920928955078125e-07
340220,5.066394805908203e-07
340221,5.066394805908203e-07
340222,1.1920928955078125e-07
340223,1.1920928955078125e-07
340224,4.172325134277344e-06
340225,8.13603401184082e-06
340226,1.1920928955078125e-07
340227,4.470348358154297e-07
340228,1.4901161193847656e-07
340229,4.76837158203125e-07
340230,1.7195940017700195e-05
340231,1.1920928955078125e-07
340232,1.7881393432617188e-07
340233,7.450580596923828e-07
340234,9.238719940185547e-07
340235,1.7881393432617188e-07
340236,1.7583370208740234e-06
340237,1.1920928955078125e-07
340238,4.0531158447265625e-06
340239,1.1920928955078125e-07
340240,2.086162567138672e-07
340241,2.086162567138672e-07
340242,5.960464477539063e-08
340243,1.7881393432617188e-07
340244,1.4901161193847656e-07
340245,8.940696716308594e-08
340246,1.1920928955078125e-07
340247,1.1920928955078125e-07
340248,0.0002796351909637451
340249,4.231929779052734e-06
340250,6.854534149169922e-07
340251,0.5817740559577942
340252,5.364418029785156e-07
340253,1.1920928955078125e-07
340254,3.516674041748047e-06
340255,6.258487701416016e-07
340256,5.960464477539063e-08
340257,9.5367431640625e-07
340258,4.023313522338867e-06
340259,0.027592957019805908
340260,0.9978437423706055
340261,0.9999964833259583
340262,0.013159424066543579
340263,0.024383872747421265
340264,3.1888484954833984e-06
340265,0.029567718505859375
340266,1.4901161193847656e-06
340267,0.9999930262565613
340268,0.999994695186615
340269,1.1920928955078125e-07
340270,0.999994695186615
340271,0.999994695186615
340272,0.003896057605743408
340273,0.9996806383132935
340274,0.24005505442619324
340275,5.4955482482910156e-05
340276,5.4955482482910156e-05
340277,6.54458999633789e-05
340278,0.9999171495437622
340279,0.002430945634841919
340280,1.1920928955078125e-07
340281,0.9999887943267822
340282,3.9905309677124023e-05
340283,1.6093254089355469e-06
340284,2.086162567138672e-07
340285,0.0007427334785461426
340286,0.9999933242797852
340287,0.016537994146347046
340288,0.999968409538269
340289,0.00019538402557373047
340290,0.018613159656524658
340291,0.020798325538635254
340292,0.0023238658905029297
340293,0.9991552829742432
340294,0.08654218912124634
340295,0.9999771118164062
340296,0.999983012676239
340297,0.9999959468841553
340298,1.1920928955078125e-07
340299,1.7881393432617188e-07
340300,1.4901161193847656e-07
340301,1.4901161193847656e-07
340302,2.384185791015625e-07
340303,2.682209014892578e-07
340304,2.682209014892578e-07
340305,4.172325134277344e-07
340306,5.960464477539063e-08
340307,9.149312973022461e-06
340308,1.1920928955078125e-07
340309,0.9997438192367554
340310,4.172325134277344e-07
340311,1.7285346984863281e-06
340312,1.4901161193847656e-07
340313,0.18689203262329102
340314,2.592802047729492e-06
340315,5.543231964111328e-06
340316,8.940696716308594e-08
340317,2.086162567138672e-07
340318,6.22868537902832e-06
340319,1.0341405868530273e-05
340320,1.1920928955078125e-07
340321,1.1920928955078125e-07
340322,5.960464477539063e-08
340323,0.1718466579914093
340324,2.086162567138672e-07
340325,2.980232238769531e-07
340326,4.082918167114258e-06
340327,1.1920928955078125e-07
340328,1.1920928955078125e-07
340329,2.384185791015625e-07
340330,2.5033950805664062e-06
340331,2.086162567138672e-07
340332,2.384185791015625e-07
340333,6.854534149169922e-07
340334,4.172325134277344e-07
340335,3.5762786865234375e-06
340336,1.7881393432617188e-07
340337,2.086162567138672e-07
340338,1.4901161193847656e-07
340339,0.00042575597763061523
340340,2.980232238769531e-07
340341,1.1920928955078125e-07
340342,1.7881393432617188e-07
340343,1.531839370727539e-05
340344,5.960464477539063e-08
340345,0.9999793767929077
340346,2.384185791015625e-07
340347,2.384185791015625e-07
340348,1.4901161193847656e-07
340349,5.960464477539063e-08
340350,5.960464477539063e-08
340351,7.539987564086914e-06
340352,2.384185791015625e-07
340353,8.940696716308594e-08
340354,2.0265579223632812e-06
340355,1.7881393432617188e-07
340356,5.036592483520508e-06
340357,1.7881393432617188e-07
340358,0.5559755563735962
340359,2.682209014892578e-07
340360,4.76837158203125e-07
340361,4.202127456665039e-06
340362,1.1920928955078125e-07
340363,1.1920928955078125e-07
340364,1.4901161193847656e-07
340365,1.4901161193847656e-07
340366,1.1920928955078125e-07
340367,0.9967899918556213
340368,5.960464477539063e-08
340369,0.00014457106590270996
340370,0.9999884366989136
340371,8.940696716308594e-08
340372,0.9999884366989136
340373,0.2828567624092102
340374,5.960464477539063e-08
340375,1.7881393432617188e-07
340376,3.993511199951172e-06
340377,1.4901161193847656e-07
340378,1.3470649719238281e-05
340379,6.854534149169922e-07
340380,1.7881393432617188e-07
340381,1.4901161193847656e-07
340382,8.940696716308594e-08
340383,1.4901161193847656e-07
340384,7.152557373046875e-07
340385,2.384185791015625e-07
340386,1.4901161193847656e-07
340387,1.7583370208740234e-06
340388,0.0020366311073303223
340389,1.1920928955078125e-07
340390,2.980232238769531e-07
340391,2.682209014892578e-07
340392,1.4901161193847656e-07
340393,3.606081008911133e-06
340394,5.185604095458984e-06
340395,3.516674041748047e-06
340396,1.1920928955078125e-07
340397,1.7881393432617188e-07
340398,0.9999973773956299
340399,0.9999978542327881
340400,3.993511199951172e-06
340401,1.1920928955078125e-07
340402,5.960464477539063e-08
340403,1.7881393432617188e-07
340404,1.7881393432617188e-07
340405,2.384185791015625e-07
340406,2.682209014892578e-07
340407,5.960464477539063e-08
340408,0.9999977350234985
340409,0.06542620062828064
340410,1.4901161193847656e-07
340411,8.940696716308594e-08
340412,4.172325134277344e-07
340413,1.1920928955078125e-07
340414,8.344650268554688e-07
340415,8.940696716308594e-08
340416,2.142786979675293e-05
340417,1.7881393432617188e-07
340418,7.450580596923828e-07
340419,5.662441253662109e-07
340420,2.086162567138672e-07
340421,2.086162567138672e-07
340422,1.1920928955078125e-07
340423,5.960464477539063e-08
340424,1.7881393432617188e-07
340425,1.1920928955078125e-07
340426,5.960464477539063e-08
340427,0.00010123848915100098
340428,1.7583370208740234e-06
340429,9.238719940185547e-07
340430,1.4901161193847656e-07
340431,1.1920928955078125e-07
340432,8.940696716308594e-08
340433,0.007858425378799438
340434,0.004374384880065918
340435,7.748603820800781e-07
340436,8.344650268554688e-07
340437,1.1920928955078125e-07
340438,1.1920928955078125e-07
340439,6.258487701416016e-07
340440,4.112720489501953e-06
340441,3.5762786865234375e-07
340442,2.384185791015625e-07
340443,1.1920928955078125e-07
340444,1.1920928955078125e-07
340445,5.960464477539063e-08
340446,7.68899917602539e-06
340447,8.493661880493164e-06
340448,1.4901161193847656e-07
340449,0.0815463662147522
340450,3.0994415283203125e-06
340451,5.4836273193359375e-06
340452,2.384185791015625e-07
340453,1.7881393432617188e-07
340454,1.7881393432617188e-07
340455,1.7881393432617188e-07
340456,1.7881393432617188e-07
340457,8.940696716308594e-08
340458,0.9923229217529297
340459,5.960464477539063e-08
340460,1.1920928955078125e-07
340461,2.384185791015625e-07
340462,2.384185791015625e-07
340463,1.4901161193847656e-07
340464,1.7881393432617188e-07
340465,1.7881393432617188e-07
340466,2.086162567138672e-07
340467,1.7881393432617188e-07
340468,1.7881393432617188e-07
340469,1.1920928955078125e-07
340470,2.086162567138672e-07
340471,1.1920928955078125e-07
340472,1.1920928955078125e-07
340473,1.1920928955078125e-07
340474,3.5762786865234375e-07
340475,1.0818243026733398e-05
340476,0.0013315081596374512
340477,1.4901161193847656e-07
340478,3.5762786865234375e-07
340479,2.682209014892578e-07
340480,0.005059331655502319
340481,1.1920928955078125e-07
340482,0.02111676335334778
340483,0.0007875263690948486
340484,1.4901161193847656e-07
340485,1.4901161193847656e-07
340486,0.3979490399360657
340487,2.980232238769531e-07
340488,2.682209014892578e-07
340489,8.016824722290039e-06
340490,2.652406692504883e-06
340491,1.0907649993896484e-05
340492,1.7881393432617188e-07
340493,1.0818243026733398e-05
340494,8.940696716308594e-08
340495,1.4543533325195312e-05
340496,1.189112663269043e-05
340497,1.1920928955078125e-07
340498,1.1920928955078125e-07
340499,0.0
340500,2.086162567138672e-07
340501,1.4901161193847656e-07
340502,4.172325134277344e-07
340503,1.1920928955078125e-07
340504,1.6093254089355469e-06
340505,2.384185791015625e-07
340506,1.4901161193847656e-06
340507,7.152557373046875e-07
340508,1.1920928955078125e-07
340509,2.086162567138672e-07
340510,1.7881393432617188e-07
340511,3.5762786865234375e-07
340512,5.960464477539063e-08
340513,2.384185791015625e-07
340514,2.086162567138672e-07
340515,5.960464477539063e-08
340516,1.7881393432617188e-07
340517,4.380941390991211e-06
340518,0.0
340519,0.16923555731773376
340520,1.1920928955078125e-07
340521,9.238719940185547e-07
340522,1.1920928955078125e-07
340523,1.1920928955078125e-07
340524,1.7881393432617188e-07
340525,1.1920928955078125e-07
340526,1.7881393432617188e-07
340527,5.0961971282958984e-06
340528,1.7881393432617188e-07
340529,0.22144600749015808
340530,1.1920928955078125e-07
340531,1.1920928955078125e-07
340532,2.384185791015625e-07
340533,7.450580596923828e-07
340534,1.4901161193847656e-07
340535,2.086162567138672e-07
340536,1.7881393432617188e-07
340537,4.76837158203125e-07
340538,5.960464477539063e-08
340539,5.632638931274414e-06
340540,5.960464477539063e-08
340541,2.980232238769531e-07
340542,1.4901161193847656e-07
340543,5.960464477539063e-08
340544,5.960464477539063e-08
340545,5.960464477539063e-08
340546,2.0563602447509766e-06
340547,1.7881393432617188e-07
340548,0.00011977553367614746
340549,2.0265579223632812e-06
340550,5.066394805908203e-07
340551,1.7881393432617188e-07
340552,0.00011512637138366699
340553,2.980232238769531e-07
340554,1.728534698486328e-05
340555,1.4901161193847656e-07
340556,8.940696716308594e-08
340557,0.9108062386512756
340558,3.5762786865234375e-07
340559,2.384185791015625e-07
340560,5.960464477539063e-08
340561,6.258487701416016e-07
340562,1.1920928955078125e-07
340563,5.960464477539063e-08
340564,3.5762786865234375e-07
340565,1.1920928955078125e-07
340566,1.1920928955078125e-07
340567,5.960464477539063e-08
340568,1.1920928955078125e-07
340569,1.1920928955078125e-07
340570,1.0132789611816406e-06
340571,1.7881393432617188e-07
340572,8.940696716308594e-08
340573,7.450580596923828e-07
340574,9.5367431640625e-07
340575,1.7881393432617188e-06
340576,1.1920928955078125e-07
340577,1.7881393432617188e-07
340578,1.7881393432617188e-07
340579,5.0961971282958984e-06
340580,1.1920928955078125e-07
340581,1.7881393432617188e-07
340582,1.4901161193847656e-07
340583,1.1920928955078125e-07
340584,1.4901161193847656e-07
340585,1.1920928955078125e-07
340586,1.4901161193847656e-07
340587,1.4901161193847656e-07
340588,1.4901161193847656e-07
340589,6.854534149169922e-07
340590,1.1920928955078125e-07
340591,5.960464477539063e-08
340592,1.430511474609375e-06
340593,1.1920928955078125e-07
340594,1.0728836059570312e-06
340595,1.4901161193847656e-07
340596,8.851289749145508e-06
340597,0.9999988079071045
340598,1.7881393432617188e-07
340599,1.1920928955078125e-07
340600,1.1920928955078125e-07
340601,3.844499588012695e-06
340602,1.4901161193847656e-07
340603,5.960464477539063e-08
340604,1.1920928955078125e-07
340605,8.940696716308594e-08
340606,0.9999957084655762
340607,9.834766387939453e-07
340608,5.960464477539063e-08
340609,8.940696716308594e-08
340610,0.00013530254364013672
340611,1.1920928955078125e-07
340612,5.692243576049805e-06
340613,0.9996803402900696
340614,2.086162567138672e-07
340615,2.086162567138672e-07
340616,2.384185791015625e-07
340617,5.960464477539063e-08
340618,0.0
340619,1.1920928955078125e-07
340620,2.592802047729492e-06
340621,1.7881393432617188e-07
340622,5.662441253662109e-07
340623,8.940696716308594e-08
340624,1.7881393432617188e-07
340625,2.980232238769531e-07
340626,0.3286970257759094
340627,8.940696716308594e-08
340628,3.844499588012695e-06
340629,3.8743019104003906e-07
340630,1.71661376953125e-05
340631,2.682209014892578e-07
340632,3.8743019104003906e-07
340633,1.1920928955078125e-07
340634,0.8337076902389526
340635,0.999980092048645
340636,1.4901161193847656e-07
340637,1.7881393432617188e-07
340638,1.1920928955078125e-07
340639,0.0009628832340240479
340640,5.960464477539063e-08
340641,1.1920928955078125e-07
340642,0.0003673136234283447
340643,2.980232238769531e-07
340644,3.5762786865234375e-07
340645,5.960464477539063e-08
340646,2.980232238769531e-07
340647,0.00032076239585876465
340648,2.086162567138672e-07
340649,0.999980092048645
340650,5.960464477539063e-08
340651,5.960464477539063e-08
340652,1.7881393432617188e-07
340653,1.1920928955078125e-07
340654,2.682209014892578e-07
340655,1.1920928955078125e-07
340656,1.1920928955078125e-07
340657,1.1920928955078125e-07
340658,2.7418136596679688e-06
340659,1.4901161193847656e-07
340660,1.1920928955078125e-07
340661,2.086162567138672e-07
340662,1.537799835205078e-05
340663,2.980232238769531e-07
340664,0.8437119722366333
340665,1.7881393432617188e-07
340666,1.1920928955078125e-07
340667,0.49110567569732666
340668,5.960464477539063e-08
340669,5.960464477539063e-08
340670,5.960464477539063e-08
340671,2.086162567138672e-07
340672,0.022332578897476196
340673,0.004078030586242676
340674,1.4901161193847656e-07
340675,2.086162567138672e-07
340676,0.999980092048645
340677,3.5762786865234375e-07
340678,1.1920928955078125e-07
340679,1.4901161193847656e-07
340680,5.960464477539063e-08
340681,1.1920928955078125e-07
340682,1.1920928955078125e-07
340683,0.8337076902389526
340684,1.1920928955078125e-07
340685,8.940696716308594e-08
340686,0.0
340687,1.1920928955078125e-07
340688,2.652406692504883e-06
340689,1.1920928955078125e-07
340690,1.1920928955078125e-07
340691,7.18235969543457e-06
340692,2.3245811462402344e-06
340693,5.960464477539063e-08
340694,1.7881393432617188e-07
340695,0.9999817609786987
340696,0.999980092048645
340697,9.834766387939453e-07
340698,5.960464477539063e-08
340699,1.4901161193847656e-07
340700,4.172325134277344e-06
340701,1.1920928955078125e-07
340702,2.086162567138672e-07
340703,9.834766387939453e-07
340704,1.1920928955078125e-07
340705,2.980232238769531e-07
340706,2.434849739074707e-05
340707,5.960464477539063e-08
340708,0.999980092048645
340709,2.384185791015625e-07
340710,5.155801773071289e-06
340711,2.682209014892578e-07
340712,2.6226043701171875e-06
340713,2.086162567138672e-07
340714,3.5762786865234375e-07
340715,1.1920928955078125e-07
340716,1.4901161193847656e-07
340717,1.4901161193847656e-07
340718,5.3495168685913086e-05
340719,0.999946117401123
340720,2.384185791015625e-07
340721,1.7881393432617188e-07
340722,1.7881393432617188e-07
340723,1.7881393432617188e-07
340724,5.930662155151367e-06
340725,2.086162567138672e-07
340726,5.960464477539063e-08
340727,2.980232238769531e-07
340728,1.1920928955078125e-07
340729,8.046627044677734e-06
340730,1.1920928955078125e-07
340731,1.1920928955078125e-07
340732,0.999980092048645
340733,1.4901161193847656e-07
340734,1.1920928955078125e-07
340735,5.960464477539063e-08
340736,0.003133326768875122
340737,1.1920928955078125e-07
340738,5.066394805908203e-06
340739,0.9999850392341614
340740,1.3113021850585938e-06
340741,1.1920928955078125e-07
340742,1.1920928955078125e-07
340743,0.999975323677063
340744,5.662441253662109e-07
340745,1.1920928955078125e-07
340746,0.1787547469139099
340747,2.8312206268310547e-06
340748,1.1324882507324219e-06
340749,0.999980092048645
340750,0.999980092048645
340751,1.1920928955078125e-07
340752,2.682209014892578e-07
340753,2.980232238769531e-07
340754,7.748603820800781e-07
340755,1.1324882507324219e-06
340756,1.7881393432617188e-07
340757,5.662441253662109e-07
340758,5.960464477539063e-08
340759,2.980232238769531e-07
340760,1.7881393432617188e-07
340761,2.086162567138672e-07
340762,0.0016186535358428955
340763,1.4901161193847656e-07
340764,1.4901161193847656e-07
340765,2.086162567138672e-07
340766,2.3245811462402344e-06
340767,5.662441253662109e-07
340768,0.0009074807167053223
340769,0.0033124685287475586
340770,0.00020140409469604492
340771,2.980232238769531e-07
340772,1.1920928955078125e-07
340773,5.960464477539063e-08
340774,1.043081283569336e-06
340775,2.086162567138672e-07
340776,5.960464477539063e-08
340777,5.960464477539063e-08
340778,3.5762786865234375e-07
340779,1.4901161193847656e-07
340780,1.0728836059570312e-06
340781,1.7285346984863281e-06
340782,2.086162567138672e-07
340783,0.04835060238838196
340784,2.682209014892578e-07
340785,2.682209014892578e-07
340786,1.7881393432617188e-07
340787,1.1920928955078125e-07
340788,0.0
340789,1.4901161193847656e-07
340790,1.7881393432617188e-07
340791,1.1920928955078125e-07
340792,8.13603401184082e-06
340793,1.7881393432617188e-07
340794,5.960464477539063e-08
340795,1.1920928955078125e-07
340796,0.0013616383075714111
340797,4.76837158203125e-07
340798,8.940696716308594e-08
340799,1.4901161193847656e-07
340800,1.4901161193847656e-07
340801,4.470348358154297e-07
340802,2.9802322387695312e-06
340803,2.950429916381836e-06
340804,0.0008389055728912354
340805,8.940696716308594e-08
340806,1.4901161193847656e-07
340807,3.9637088775634766e-06
340808,6.854534149169922e-07
340809,5.036592483520508e-06
340810,1.4901161193847656e-07
340811,1.4901161193847656e-07
340812,0.9832214117050171
340813,4.172325134277344e-06
340814,1.7881393432617188e-06
340815,0.0032567381858825684
340816,2.980232238769531e-07
340817,0.00021526217460632324
340818,1.4901161193847656e-07
340819,0.00020140409469604492
340820,1.1026859283447266e-06
340821,8.940696716308594e-08
340822,1.1920928955078125e-07
340823,1.7881393432617188e-07
340824,1.0520219802856445e-05
340825,1.4901161193847656e-07
340826,5.602836608886719e-06
340827,2.205371856689453e-06
340828,1.4901161193847656e-07
340829,2.682209014892578e-07
340830,1.4901161193847656e-07
340831,0.2267836332321167
340832,1.1920928955078125e-07
340833,1.1920928955078125e-07
340834,1.1920928955078125e-07
340835,1.4901161193847656e-07
340836,1.1920928955078125e-07
340837,1.7881393432617188e-07
340838,1.7881393432617188e-07
340839,2.1338462829589844e-05
340840,2.682209014892578e-07
340841,1.1920928955078125e-07
340842,0.7847825884819031
340843,1.1920928955078125e-07
340844,3.2782554626464844e-06
340845,3.5762786865234375e-07
340846,3.2782554626464844e-06
340847,3.2782554626464844e-06
340848,1.4901161193847656e-07
340849,0.861041784286499
340850,1.1920928955078125e-07
340851,7.957220077514648e-06
340852,4.76837158203125e-07
340853,1.5795230865478516e-06
340854,5.0961971282958984e-06
340855,0.04686713218688965
340856,2.682209014892578e-07
340857,5.960464477539063e-08
340858,1.7881393432617188e-07
340859,3.4570693969726562e-06
340860,1.7881393432617188e-07
340861,2.562999725341797e-06
340862,3.337860107421875e-06
340863,2.682209014892578e-07
340864,1.0877847671508789e-05
340865,1.6093254089355469e-06
340866,2.086162567138672e-07
340867,0.9972293376922607
340868,4.76837158203125e-07
340869,4.172325134277344e-07
340870,3.635883331298828e-06
340871,1.7881393432617188e-07
340872,1.6093254089355469e-06
340873,2.086162567138672e-07
340874,2.115964889526367e-06
340875,5.960464477539063e-08
340876,1.4901161193847656e-07
340877,1.1920928955078125e-07
340878,0.06839483976364136
340879,5.960464477539063e-08
340880,1.1920928955078125e-07
340881,1.7881393432617188e-07
340882,2.384185791015625e-07
340883,2.1457672119140625e-06
340884,1.7881393432617188e-07
340885,1.7881393432617188e-07
340886,1.0132789611816406e-06
340887,1.4901161193847656e-07
340888,0.0018527507781982422
340889,1.4901161193847656e-07
340890,2.086162567138672e-07
340891,3.5762786865234375e-07
340892,1.1920928955078125e-07
340893,2.115964889526367e-06
340894,7.152557373046875e-07
340895,2.592802047729492e-06
340896,2.384185791015625e-07
340897,0.9999371767044067
340898,0.9999369382858276
340899,2.682209014892578e-07
340900,2.682209014892578e-07
340901,1.4901161193847656e-07
340902,0.781249463558197
340903,3.993511199951172e-06
340904,3.933906555175781e-06
340905,1.1920928955078125e-07
340906,3.2782554626464844e-07
340907,5.960464477539063e-08
340908,1.4901161193847656e-07
340909,1.1920928955078125e-07
340910,5.960464477539063e-08
340911,1.7881393432617188e-07
340912,1.1920928955078125e-07
340913,1.4692544937133789e-05
340914,1.1920928955078125e-07
340915,0.9999784231185913
340916,9.834766387939453e-07
340917,0.0009628832340240479
340918,2.980232238769531e-07
340919,5.960464477539063e-08
340920,0.9999687075614929
340921,1.1920928955078125e-07
340922,1.3589859008789062e-05
340923,2.086162567138672e-07
340924,0.999894380569458
340925,0.999955415725708
340926,1.6182661056518555e-05
340927,8.940696716308594e-08
340928,1.7881393432617188e-06
340929,8.940696716308594e-08
340930,0.9999770522117615
340931,1.4901161193847656e-07
340932,1.2427568435668945e-05
340933,2.980232238769531e-07
340934,1.2814998626708984e-06
340935,2.682209014892578e-07
340936,1.7881393432617188e-07
340937,2.682209014892578e-07
340938,1.7762184143066406e-05
340939,1.0311603546142578e-05
340940,2.086162567138672e-07
340941,9.179115295410156e-06
340942,0.00016731023788452148
340943,5.632638931274414e-06
340944,2.3573637008666992e-05
340945,1.7881393432617188e-07
340946,0.999894380569458
340947,1.1920928955078125e-07
340948,3.2782554626464844e-07
340949,0.9999371767044067
340950,5.960464477539063e-08
340951,2.2649765014648438e-06
340952,5.960464477539063e-08
340953,0.9999934434890747
340954,5.960464477539063e-08
340955,1.1920928955078125e-07
340956,0.9999969005584717
340957,1.1920928955078125e-07
340958,2.5510787963867188e-05
340959,2.5510787963867188e-05
340960,1.1920928955078125e-07
340961,1.6689300537109375e-06
340962,0.9999968409538269
340963,1.4901161193847656e-07
340964,2.384185791015625e-06
340965,1.1920928955078125e-07
340966,5.364418029785156e-07
340967,2.384185791015625e-07
340968,1.4901161193847656e-07
340969,4.172325134277344e-07
340970,5.960464477539063e-08
340971,0.9999855756759644
340972,0.0
340973,0.9999855756759644
340974,1.7881393432617188e-07
340975,0.999971866607666
340976,3.2782554626464844e-07
340977,8.404254913330078e-06
340978,1.7881393432617188e-07
340979,1.1920928955078125e-07
340980,2.086162567138672e-07
340981,0.0001506209373474121
340982,1.1920928955078125e-07
340983,3.874301910400391e-06
340984,7.539987564086914e-06
340985,1.341104507446289e-06
340986,1.1920928955078125e-07
340987,5.960464477539063e-08
340988,8.642673492431641e-07
340989,1.1920928955078125e-07
340990,5.960464477539063e-08
340991,1.7881393432617188e-07
340992,5.960464477539063e-08
340993,2.682209014892578e-07
340994,0.20366907119750977
340995,1.1920928955078125e-07
340996,0.9999734163284302
340997,2.682209014892578e-07
340998,5.662441253662109e-07
340999,1.0311603546142578e-05
341000,0.4398175776004791
341001,1.7881393432617188e-07
341002,0.9999781847000122
341003,1.7881393432617188e-07
341004,2.4437904357910156e-06
341005,2.980232238769531e-07
341006,1.1920928955078125e-07
341007,1.1920928955078125e-07
341008,5.960464477539063e-08
341009,0.00862935185432434
341010,1.1920928955078125e-07
341011,7.3909759521484375e-06
341012,2.5331974029541016e-06
341013,8.940696716308594e-08
341014,3.2782554626464844e-07
341015,6.854534149169922e-07
341016,2.086162567138672e-07
341017,2.980232238769531e-07
341018,1.0132789611816406e-06
341019,3.248453140258789e-06
341020,0.00021478533744812012
341021,4.172325134277344e-06
341022,1.7881393432617188e-07
341023,1.1920928955078125e-07
341024,3.248453140258789e-06
341025,0.012775003910064697
341026,2.384185791015625e-07
341027,5.930662155151367e-06
341028,2.4139881134033203e-06
341029,5.960464477539063e-08
341030,1.7881393432617188e-07
341031,1.2427568435668945e-05
341032,3.5762786865234375e-07
341033,2.980232238769531e-07
341034,2.980232238769531e-07
341035,1.1920928955078125e-07
341036,0.999427318572998
341037,1.7881393432617188e-07
341038,1.7881393432617188e-07
341039,1.1920928955078125e-06
341040,1.7881393432617188e-07
341041,6.854534149169922e-07
341042,2.086162567138672e-07
341043,0.9999561309814453
341044,1.7881393432617188e-07
341045,2.682209014892578e-07
341046,0.0003142058849334717
341047,2.0682811737060547e-05
341048,4.172325134277344e-07
341049,2.384185791015625e-07
341050,1.4901161193847656e-07
341051,3.5762786865234375e-07
341052,1.996755599975586e-06
341053,0.00011485815048217773
341054,5.364418029785156e-07
341055,1.341104507446289e-06
341056,1.1920928955078125e-06
341057,8.940696716308594e-08
341058,1.4901161193847656e-07
341059,2.384185791015625e-07
341060,2.980232238769531e-07
341061,1.6093254089355469e-06
341062,1.1920928955078125e-07
341063,4.678964614868164e-06
341064,1.1920928955078125e-07
341065,2.384185791015625e-07
341066,3.1888484954833984e-06
341067,2.086162567138672e-06
341068,1.7881393432617188e-07
341069,0.9982779622077942
341070,1.4901161193847656e-07
341071,1.7881393432617188e-07
341072,4.172325134277344e-07
341073,0.021768182516098022
341074,1.1920928955078125e-07
341075,1.1920928955078125e-07
341076,4.172325134277344e-07
341077,0.9999963045120239
341078,1.1920928955078125e-07
341079,1.4901161193847656e-07
341080,0.9999865293502808
341081,1.1920928955078125e-07
341082,1.1920928955078125e-07
341083,2.384185791015625e-07
341084,1.1920928955078125e-07
341085,5.960464477539063e-08
341086,1.7881393432617188e-07
341087,0.00032076239585876465
341088,1.4901161193847656e-07
341089,2.086162567138672e-07
341090,0.0006060600280761719
341091,2.384185791015625e-07
341092,2.086162567138672e-07
341093,1.7881393432617188e-07
341094,6.937980651855469e-05
341095,4.410743713378906e-06
341096,1.4901161193847656e-07
341097,1.7881393432617188e-07
341098,8.940696716308594e-08
341099,1.7881393432617188e-07
341100,1.1920928955078125e-07
341101,9.894371032714844e-06
341102,8.940696716308594e-08
341103,0.999984860420227
341104,0.00023806095123291016
341105,2.8312206268310547e-06
341106,1.1920928955078125e-07
341107,5.960464477539063e-08
341108,1.7881393432617188e-07
341109,8.940696716308594e-08
341110,1.1920928955078125e-07
341111,5.900859832763672e-06
341112,2.384185791015625e-07
341113,1.1920928955078125e-07
341114,5.960464477539063e-08
341115,8.285045623779297e-06
341116,1.7881393432617188e-07
341117,1.7881393432617188e-07
341118,1.7881393432617188e-07
341119,2.086162567138672e-07
341120,1.4901161193847656e-07
341121,0.030800580978393555
341122,3.5762786865234375e-07
341123,1.1861324310302734e-05
341124,0.0
341125,5.960464477539063e-08
341126,9.834766387939453e-07
341127,3.5762786865234375e-07
341128,1.5795230865478516e-06
341129,1.7881393432617188e-07
341130,4.5299530029296875e-06
341131,2.0325183868408203e-05
341132,2.8312206268310547e-06
341133,1.4901161193847656e-07
341134,4.470348358154297e-07
341135,1.4901161193847656e-07
341136,2.8312206268310547e-06
341137,1.1920928955078125e-07
341138,1.4901161193847656e-07
341139,1.4901161193847656e-07
341140,5.960464477539063e-08
341141,0.00010573863983154297
341142,3.2782554626464844e-06
341143,0.009563356637954712
341144,5.662441253662109e-07
341145,8.940696716308594e-08
341146,1.1920928955078125e-07
341147,1.996755599975586e-06
341148,2.86102294921875e-06
341149,8.940696716308594e-08
341150,3.5762786865234375e-07
341151,0.5951040983200073
341152,6.258487701416016e-07
341153,1.4901161193847656e-07
341154,1.1652708053588867e-05
341155,1.7881393432617188e-07
341156,0.0014194250106811523
341157,2.384185791015625e-07
341158,1.1920928955078125e-07
341159,1.7881393432617188e-07
341160,1.4901161193847656e-07
341161,9.834766387939453e-07
341162,1.3113021850585938e-06
341163,5.960464477539063e-08
341164,2.086162567138672e-07
341165,1.4901161193847656e-07
341166,1.1920928955078125e-07
341167,1.8477439880371094e-06
341168,2.980232238769531e-07
341169,2.980232238769531e-07
341170,1.1920928955078125e-07
341171,0.0009235739707946777
341172,4.76837158203125e-07
341173,1.1920928955078125e-07
341174,1.1920928955078125e-07
341175,1.1920928955078125e-07
341176,0.9999933242797852
341177,5.960464477539063e-08
341178,0.00036522746086120605
341179,0.9999987483024597
341180,1.519918441772461e-06
341181,2.384185791015625e-07
341182,3.2782554626464844e-07
341183,9.834766387939453e-07
341184,1.7881393432617188e-07
341185,2.384185791015625e-07
341186,1.1026859283447266e-05
341187,1.1920928955078125e-07
341188,1.7881393432617188e-07
341189,3.5762786865234375e-07
341190,2.980232238769531e-07
341191,1.7881393432617188e-07
341192,1.4901161193847656e-07
341193,5.960464477539063e-08
341194,1.1920928955078125e-07
341195,2.682209014892578e-07
341196,0.0009628832340240479
341197,6.645917892456055e-06
341198,8.940696716308594e-08
341199,1.7881393432617188e-07
341200,1.7881393432617188e-07
341201,1.430511474609375e-06
341202,2.086162567138672e-07
341203,0.0
341204,8.276104927062988e-05
341205,9.298324584960938e-06
341206,5.960464477539063e-08
341207,1.1920928955078125e-07
341208,3.1888484954833984e-06
341209,2.4437904357910156e-06
341210,1.2516975402832031e-06
341211,8.940696716308594e-08
341212,1.1920928955078125e-07
341213,3.8743019104003906e-07
341214,1.817941665649414e-06
341215,3.2782554626464844e-07
341216,1.1920928955078125e-07
341217,1.1920928955078125e-07
341218,1.7881393432617188e-07
341219,3.8743019104003906e-07
341220,5.960464477539063e-08
341221,3.5762786865234375e-07
341222,5.364418029785156e-07
341223,5.990266799926758e-06
341224,1.3709068298339844e-06
341225,3.5762786865234375e-07
341226,1.7881393432617188e-07
341227,0.0006923973560333252
341228,6.258487701416016e-07
341229,1.1920928955078125e-07
341230,1.1920928955078125e-07
341231,5.960464477539063e-08
341232,0.9999954104423523
341233,1.7881393432617188e-07
341234,5.960464477539062e-07
341235,1.1026859283447266e-06
341236,0.9999892711639404
341237,1.1920928955078125e-07
341238,1.7881393432617188e-07
341239,0.999980092048645
341240,5.960464477539063e-08
341241,1.1920928955078125e-07
341242,1.1920928955078125e-07
341243,1.1920928955078125e-07
341244,1.7881393432617188e-07
341245,0.999980092048645
341246,1.4901161193847656e-07
341247,5.960464477539063e-08
341248,1.7881393432617188e-07
341249,1.1920928955078125e-07
341250,1.1920928955078125e-07
341251,3.069639205932617e-06
341252,1.7851591110229492e-05
341253,1.1920928955078125e-07
341254,0.0003993809223175049
341255,0.9999983310699463
341256,5.960464477539063e-08
341257,0.999980092048645
341258,0.00013530254364013672
341259,8.940696716308594e-08
341260,1.4901161193847656e-07
341261,1.1920928955078125e-07
341262,1.1920928955078125e-07
341263,1.4901161193847656e-07
341264,2.086162567138672e-07
341265,0.9992694854736328
341266,1.1920928955078125e-07
341267,5.960464477539063e-08
341268,1.1920928955078125e-07
341269,1.1920928955078125e-07
341270,1.7881393432617188e-07
341271,1.9073486328125e-06
341272,5.960464477539063e-08
341273,2.980232238769531e-07
341274,1.7881393432617188e-07
341275,1.1920928955078125e-07
341276,1.1920928955078125e-07
341277,1.1920928955078125e-07
341278,5.960464477539063e-08
341279,0.031425535678863525
341280,7.748603820800781e-07
341281,1.7881393432617188e-07
341282,0.0007998347282409668
341283,0.9999985694885254
341284,1.4901161193847656e-06
341285,5.960464477539063e-08
341286,1.7881393432617188e-07
341287,0.00018772482872009277
341288,1.7881393432617188e-07
341289,1.4901161193847656e-07
341290,7.241964340209961e-06
341291,1.1920928955078125e-07
341292,1.1920928955078125e-07
341293,2.086162567138672e-07
341294,1.1920928955078125e-07
341295,3.8743019104003906e-07
341296,1.7881393432617188e-07
341297,5.960464477539063e-08
341298,5.960464477539063e-08
341299,1.2278556823730469e-05
341300,0.02165958285331726
341301,1.4901161193847656e-07
341302,5.960464477539063e-08
341303,4.76837158203125e-07
341304,1.1920928955078125e-07
341305,1.4901161193847656e-07
341306,1.1920928955078125e-07
341307,8.940696716308594e-08
341308,1.7881393432617188e-07
341309,1.0728836059570312e-06
341310,5.960464477539063e-08
341311,7.450580596923828e-07
341312,3.2782554626464844e-07
341313,0.0053136348724365234
341314,1.7881393432617188e-07
341315,1.4901161193847656e-06
341316,1.519918441772461e-06
341317,0.9999876022338867
341318,3.2782554626464844e-07
341319,0.0
341320,0.9999876022338867
341321,1.4901161193847656e-07
341322,1.1920928955078125e-07
341323,2.4437904357910156e-06
341324,1.7881393432617188e-07
341325,1.7881393432617188e-07
341326,2.980232238769531e-07
341327,5.960464477539063e-08
341328,1.1920928955078125e-07
341329,1.1920928955078125e-07
341330,3.5762786865234375e-07
341331,5.960464477539063e-08
341332,1.7881393432617188e-07
341333,1.1920928955078125e-07
341334,5.960464477539063e-08
341335,1.1920928955078125e-07
341336,8.344650268554688e-07
341337,1.7881393432617188e-07
341338,1.4901161193847656e-07
341339,1.7881393432617188e-07
341340,6.67572021484375e-05
341341,1.7881393432617188e-07
341342,2.384185791015625e-07
341343,0.004812359809875488
341344,3.8743019104003906e-07
341345,1.1920928955078125e-07
341346,0.6424105167388916
341347,0.9988982081413269
341348,1.7881393432617188e-07
341349,0.03269639611244202
341350,0.005874007940292358
341351,1.4901161193847656e-07
341352,0.0002339482307434082
341353,2.086162567138672e-07
341354,6.854534149169922e-07
341355,1.138448715209961e-05
341356,1.1026859283447266e-06
341357,1.7881393432617188e-07
341358,1.6689300537109375e-06
341359,1.7881393432617188e-07
341360,3.2782554626464844e-07
341361,2.980232238769531e-07
341362,5.960464477539063e-08
341363,4.76837158203125e-07
341364,0.013502269983291626
341365,0.0407787561416626
341366,2.682209014892578e-07
341367,0.00021013617515563965
341368,4.76837158203125e-07
341369,9.834766387939453e-07
341370,1.1920928955078125e-07
341371,8.344650268554688e-07
341372,1.1920928955078125e-07
341373,1.1920928955078125e-07
341374,0.002339005470275879
341375,1.9371509552001953e-05
341376,1.7881393432617188e-07
341377,1.7881393432617188e-07
341378,1.7881393432617188e-07
341379,1.1920928955078125e-07
341380,2.682209014892578e-06
341381,0.000708162784576416
341382,1.7881393432617188e-07
341383,4.351139068603516e-06
341384,3.5762786865234375e-07
341385,0.9981029629707336
341386,3.7848949432373047e-06
341387,5.960464477539063e-08
341388,0.06268736720085144
341389,2.7418136596679688e-06
341390,1.519918441772461e-06
341391,0.00016555190086364746
341392,0.07091113924980164
341393,1.7881393432617188e-07
341394,5.960464477539063e-08
341395,1.1920928955078125e-07
341396,1.7881393432617188e-07
341397,2.980232238769531e-07
341398,2.682209014892578e-07
341399,1.1920928955078125e-07
341400,2.6702880859375e-05
341401,1.1622905731201172e-06
341402,6.854534149169922e-07
341403,1.7881393432617188e-07
341404,0.05267968773841858
341405,0.024274736642837524
341406,0.8473418951034546
341407,7.12275505065918e-06
341408,2.980232238769531e-07
341409,5.960464477539063e-08
341410,1.1920928955078125e-07
341411,0.9175232648849487
341412,0.9019851088523865
341413,2.086162567138672e-07
341414,0.0065850913524627686
341415,1.7881393432617188e-07
341416,1.1920928955078125e-07
341417,8.642673492431641e-07
341418,1.1920928955078125e-07
341419,1.1920928955078125e-07
341420,2.086162567138672e-07
341421,2.682209014892578e-07
341422,1.4603137969970703e-06
341423,2.384185791015625e-07
341424,1.1920928955078125e-07
341425,5.960464477539063e-08
341426,0.03429996967315674
341427,3.5762786865234375e-07
341428,0.0
341429,1.7583370208740234e-06
341430,0.0001545548439025879
341431,1.4901161193847656e-07
341432,2.086162567138672e-07
341433,3.5762786865234375e-07
341434,0.9841402769088745
341435,1.9669532775878906e-06
341436,5.960464477539063e-08
341437,0.9977772235870361
341438,4.76837158203125e-07
341439,5.960464477539063e-08
341440,0.03407439589500427
341441,0.5395866632461548
341442,6.467103958129883e-06
341443,1.4901161193847656e-07
341444,0.674403727054596
341445,1.4901161193847656e-07
341446,1.7881393432617188e-07
341447,0.00018653273582458496
341448,5.364418029785156e-07
341449,5.364418029785156e-07
341450,3.2782554626464844e-06
341451,4.3898820877075195e-05
341452,0.059708595275878906
341453,0.09760427474975586
341454,3.325939178466797e-05
341455,0.43999412655830383
341456,5.960464477539063e-08
341457,4.649162292480469e-06
341458,3.8057565689086914e-05
341459,1.1920928955078125e-07
341460,1.4901161193847656e-07
341461,1.1920928955078125e-07
341462,1.1920928955078125e-07
341463,8.940696716308594e-08
341464,0.9453219175338745
341465,1.1920928955078125e-07
341466,0.945077657699585
341467,0.8219537138938904
341468,4.172325134277344e-07
341469,3.2782554626464844e-07
341470,4.172325134277344e-07
341471,4.172325134277344e-07
341472,0.8213351964950562
341473,1.1920928955078125e-07
341474,0.05801069736480713
341475,1.1920928955078125e-07
341476,0.05755734443664551
341477,0.948188304901123
341478,4.470348358154297e-07
341479,0.03128880262374878
341480,3.2782554626464844e-07
341481,1.1920928955078125e-07
341482,1.7881393432617188e-07
341483,6.16908073425293e-06
341484,2.7418136596679688e-06
341485,1.0728836059570312e-06
341486,1.7881393432617188e-07
341487,5.960464477539063e-08
341488,2.980232238769531e-07
341489,1.7881393432617188e-07
341490,4.112720489501953e-06
341491,1.7881393432617188e-07
341492,7.748603820800781e-07
341493,8.046627044677734e-07
341494,2.562999725341797e-06
341495,6.854534149169922e-07
341496,5.960464477539063e-08
341497,2.086162567138672e-07
341498,3.2782554626464844e-07
341499,2.086162567138672e-07
341500,1.1920928955078125e-07
341501,1.5497207641601562e-06
341502,2.384185791015625e-07
341503,5.960464477539063e-08
341504,9.208917617797852e-06
341505,1.1920928955078125e-07
341506,7.063150405883789e-06
341507,1.7881393432617188e-07
341508,6.556510925292969e-07
341509,1.4901161193847656e-07
341510,0.0911676287651062
341511,0.0
341512,0.0
341513,2.682209014892578e-07
341514,2.7418136596679688e-06
341515,1.7881393432617188e-07
341516,5.960464477539063e-08
341517,1.7881393432617188e-07
341518,8.940696716308594e-08
341519,1.1920928955078125e-07
341520,2.980232238769531e-07
341521,1.0132789611816406e-06
341522,2.086162567138672e-07
341523,1.4901161193847656e-07
341524,9.834766387939453e-07
341525,1.1920928955078125e-07
341526,1.1920928955078125e-07
341527,2.104043960571289e-05
341528,5.960464477539063e-08
341529,1.0132789611816406e-06
341530,1.7881393432617188e-07
341531,0.9999845027923584
341532,1.0132789611816406e-06
341533,1.4901161193847656e-07
341534,0.9999911785125732
341535,1.1920928955078125e-07
341536,0.9999880790710449
341537,1.1920928955078125e-07
341538,9.59634780883789e-06
341539,0.9999911785125732
341540,5.030632019042969e-05
341541,0.9999845027923584
341542,0.9999845027923584
341543,1.1920928955078125e-07
341544,8.940696716308594e-08
341545,0.9999886751174927
341546,1.5616416931152344e-05
341547,1.1920928955078125e-07
341548,2.086162567138672e-07
341549,0.9999876022338867
341550,0.9999845027923584
341551,0.9999896287918091
341552,1.817941665649414e-06
341553,8.940696716308594e-08
341554,6.705522537231445e-06
341555,1.519918441772461e-06
341556,0.9999947547912598
341557,0.9999946355819702
341558,1.1920928955078125e-07
341559,1.4901161193847656e-07
341560,8.940696716308594e-08
341561,1.341104507446289e-06
341562,0.7960851788520813
341563,0.9999946355819702
341564,5.960464477539063e-08
341565,1.7881393432617188e-07
341566,0.9999946355819702
341567,0.00037413835525512695
341568,1.1920928955078125e-07
341569,1.7881393432617188e-07
341570,1.4901161193847656e-07
341571,1.7881393432617188e-07
341572,1.1920928955078125e-07
341573,9.834766387939453e-07
341574,8.383393287658691e-05
341575,2.086162567138672e-07
341576,1.1920928955078125e-07
341577,1.7881393432617188e-07
341578,1.1920928955078125e-07
341579,3.510713577270508e-05
341580,3.516674041748047e-05
341581,3.516674041748047e-05
341582,1.7881393432617188e-07
341583,2.384185791015625e-07
341584,2.086162567138672e-07
341585,1.4901161193847656e-07
341586,5.960464477539063e-08
341587,1.7881393432617188e-07
341588,8.940696716308594e-08
341589,1.1920928955078125e-07
341590,0.9999971389770508
341591,0.9999967813491821
341592,1.7881393432617188e-07
341593,2.384185791015625e-07
341594,1.1920928955078125e-07
341595,5.960464477539063e-08
341596,1.341104507446289e-06
341597,9.238719940185547e-07
341598,1.1920928955078125e-07
341599,0.9999967813491821
341600,5.960464477539063e-08
341601,1.4901161193847656e-07
341602,1.1920928955078125e-07
341603,0.0012857019901275635
341604,1.7881393432617188e-07
341605,1.7881393432617188e-07
341606,0.9999876022338867
341607,0.9999876022338867
341608,0.9999957084655762
341609,0.9999961853027344
341610,0.9999979734420776
341611,0.9999876022338867
341612,0.9999876022338867
341613,4.172325134277344e-07
341614,2.086162567138672e-07
341615,5.960464477539063e-08
341616,1.1920928955078125e-07
341617,1.7881393432617188e-07
341618,1.1920928955078125e-07
341619,8.940696716308594e-08
341620,0.9998126029968262
341621,1.1920928955078125e-07
341622,2.384185791015625e-07
341623,1.7881393432617188e-07
341624,8.940696716308594e-08
341625,0.001336216926574707
